{
  "display": {
    "icon": {
      "item": "minecraft:diamond_block"
    },
    "title": "Stonks",
    "description": "Buy a plot at SD",
    "frame": "challenge"
  },
  "parent": "pixoll:sub1/root",
  "criteria": {
    "buyPlot": {
      "trigger": "minecraft:placed_block",
      "conditions": {
        "block": "minecraft:diamond_block",
        "location": {
          "position": {
            "x": {
              "min": 13545,
              "max": 13551
            },
            "y": {
              "min": 64,
              "max": 256
            },
            "z": {
              "min": 4548,
              "max": 4553
            }
          },
          "biome": "minecraft:mushroom_fields"
        }
      }
    }
  }
}